{"cameraMode":{"drawMode":0,"name":"Shaded","section":"Shading Mode"},"sceneLighting":true,"audioPlay":false,"sceneViewState":{"showFog":false,"showMaterialUpdate":false,"showSkybox":false,"showFlares":false,"showImageEffects":false,"showParticleSystems":false},"in2DMode":false,"pivot":{"x":581.2138671875,"y":324.0049133300781,"z":-1.8199462890625},"rotation":{"x":0.007809791713953018,"y":0.005995142739266157,"z":-0.00004678733603213914,"w":0.9999513030052185},"size":742.9005126953125,"orthographic":false}